,alpha,gamma,score
rbf,0.00036085254412499424,0.010063570752596677,-0.0058212716245142305
