,alpha,gamma,score
rbf,0.00012642436255757712,0.008895313655384611,-0.005264830909901521
