,alpha,gamma,score
rbf,0.0012555159579715515,0.01197665920283543,-0.007672103545219501
