,C,gamma,score,coef0,degree
rbf,73.05375498779243,1.842303647719806,0.7873993045494061,,
poly,23.051678776257287,14.312416874331696,0.781312662996233,34.99051841026142,5.0
