,C,gamma,score
rbf,5.255048556334398,1.1906724339485106,0.7760151646865643
